{"Train loss": 0.02083161287009716, "_runtime": 2680, "_timestamp": 1634062254, "_step": 199, "Test loss": 0.012858121655881405}