{"Train loss": 0.24732226133346558, "_runtime": 35, "_timestamp": 1634056112, "_step": 1, "Test loss": 0.25676774978637695}