{"Train loss": 0.43513113260269165, "_runtime": 645, "_timestamp": 1633963643, "_step": 71, "Test loss": 0.3240622878074646}