{"Train loss": 0.5935137867927551, "_runtime": 535, "_timestamp": 1633964246, "_step": 58, "Test loss": 0.4105072319507599}