{"Train loss": 0.493062287569046, "_runtime": 64, "_timestamp": 1633964756, "_step": 5, "Test loss": 0.47546499967575073}