{"Train loss": 0.5488184094429016, "_runtime": 4802, "_timestamp": 1633946436, "_step": 599, "Test loss": 0.4453490078449249}