{"Train loss": 0.051870014518499374, "_runtime": 588, "_timestamp": 1634145403, "_step": 39, "Test loss": 0.02796410769224167}