{"Train loss": 0.02815866470336914, "_runtime": 2931, "_timestamp": 1634144647, "_step": 199, "Test loss": 0.020378995686769485}