{"Train loss": 0.030440129339694977, "_runtime": 1477, "_timestamp": 1634149076, "_step": 99, "Test loss": 0.019508298486471176}