{"Train loss": 0.8052750825881958, "_runtime": 1722, "_timestamp": 1633885934, "_step": 199, "Test loss": 0.7577160596847534}