{"Train loss": 0.03692495822906494, "_runtime": 1112, "_timestamp": 1634057251, "_step": 99, "Test loss": 0.0327284075319767}