{"Train loss": 0.5130587816238403, "_runtime": 6075, "_timestamp": 1633952675, "_step": 599, "Test loss": 0.42405492067337036}