{"Train loss": 0.265123575925827, "_runtime": 5924, "_timestamp": 1633959814, "_step": 599, "Test loss": 0.23649734258651733}