{"Train loss": 0.20265859365463257, "_runtime": 395, "_timestamp": 1634056056, "_step": 28, "Test loss": 0.1966433972120285}