{"Train loss": 0.03190476819872856, "_runtime": 3480, "_timestamp": 1634121857, "_step": 199, "Test loss": 0.021121809259057045, "_wandb": {"runtime": 3484}}