{"Train loss": 123.7000503540039, "_runtime": 123, "_timestamp": 1634145628, "_step": 7, "Test loss": 118.53174591064453}