{"Train loss": 0.03204289451241493, "_runtime": 2562, "_timestamp": 1634065576, "_step": 199, "Test loss": 0.02242106758058071, "_wandb": {"runtime": 2566}}