{"Train loss": 0.1741124391555786, "_runtime": 2522, "_timestamp": 1634030299, "_step": 87, "Test loss": 0.17235030233860016}