{"Train loss": 0.5342075228691101, "_runtime": 5089, "_timestamp": 1633907689, "_step": 599, "Test loss": 0.4042864143848419}