{"Train loss": 0.7022166848182678, "_runtime": 3517, "_timestamp": 1633889583, "_step": 399, "Test loss": 0.5102270841598511}