{"Train loss": 0.13909658789634705, "_runtime": 2033, "_timestamp": 1633973539, "_step": 99, "Test loss": 0.16564442217350006}