{"Train loss": 1.671660304069519, "_runtime": 40, "_timestamp": 1633962112, "_step": 3, "Test loss": 1.2433738708496094}