{"Train loss": 0.1346767097711563, "_runtime": 1301, "_timestamp": 1634026107, "_step": 37, "Test loss": 0.09640781581401825}