{"Train loss": 0.02907816506922245, "_runtime": 241, "_timestamp": 1634059507, "_step": 6, "Test loss": 0.04839498922228813}