{"Train loss": 54.37242889404297, "_runtime": 1461, "_timestamp": 1634147118, "_step": 99, "Test loss": 39.4520149230957}