{"Train loss": 0.31148862838745117, "_runtime": 994, "_timestamp": 1633965778, "_step": 99, "Test loss": 0.2159956693649292}