{"Train loss": 0.02531440556049347, "_runtime": 1316, "_timestamp": 1634059132, "_step": 99, "Test loss": 0.013807366602122784}