{"Train loss": 1.2256540060043335, "_runtime": 723, "_timestamp": 1633962863, "_step": 79, "Test loss": 0.37773382663726807}