{"Train loss": 0.15263104438781738, "_runtime": 2274, "_timestamp": 1633976134, "_step": 99, "Test loss": 0.15517069399356842}