{"Train loss": 0.05439651757478714, "_runtime": 8335, "_timestamp": 1634131414, "_step": 199, "Test loss": 0.03800607845187187}