{"Train loss": 0.3249973654747009, "_runtime": 1145, "_timestamp": 1633961985, "_step": 113, "Test loss": 0.2609332501888275}