{"Train loss": 0.2712074816226959, "_runtime": 2057, "_timestamp": 1633971379, "_step": 99, "Test loss": 0.20787368714809418}